date,leader_1,leader_2,leader_3,laggard_1,laggard_2,laggard_3,industry_count,source
2025-09-05,视频媒体,耐火材料,燃料电池,国有大型银行Ⅲ,电信运营商,洗护用品,98,eastmoney
2025-09-08,航天装备Ⅱ,航天装备Ⅲ,改性塑料,人工景区,旅游及景区,旅游综合,98,eastmoney
2025-09-09,黄金,洗护用品,视频媒体,航天装备Ⅲ,航天装备Ⅱ,消费电子零部件及组装,98,eastmoney
2025-09-10,视频媒体,旅游综合,学历教育,燃料电池,航海装备Ⅱ,航海装备Ⅲ,98,eastmoney
2025-09-11,燃料电池,通信线缆及配套,玻纤制造,黄金,旅游综合,旅游及景区,98,eastmoney
2025-09-12,房屋建设Ⅱ,房屋建设Ⅲ,地面兵装Ⅲ,玻纤制造,视频媒体,宠物食品,98,eastmoney
2025-09-15,视频媒体,火电设备,房屋建设Ⅱ,其他专业服务,航天装备Ⅲ,航天装备Ⅱ,98,eastmoney
2025-09-16,跨境电商,底盘与发动机系统,鞋帽及其他,学历教育,医美耗材,国有大型银行Ⅲ,98,eastmoney
2025-09-17,其他橡胶制品,工程机械器件,厨房电器,黄金,旅游综合,火电设备,98,eastmoney
2025-09-18,燃料电池,人工景区,其他橡胶制品,黄金,宠物食品,涂料,98,eastmoney
2025-09-19,人工景区,视频媒体,学历教育,燃料电池,其他橡胶制品,改性塑料,98,eastmoney
2025-09-22,燃料电池,黄金,消费电子零部件及组装,自然景区,旅游综合,旅游及景区,98,eastmoney
2025-09-23,国有大型银行Ⅲ,黄金,核力发电,旅游综合,旅游及景区,自然景区,98,eastmoney
2025-09-24,学历教育,安防设备,辅料,人工景区,燃料电池,火电设备,98,eastmoney
2025-09-25,视频媒体,通信线缆及配套,教育运营及其他,耐火材料,燃料电池,黄金,98,eastmoney
2025-09-26,学历教育,燃料电池,跨境电商,通信线缆及配套,消费电子零部件及组装,消费电子,98,eastmoney
2025-09-29,燃料电池,黄金,涂料,学历教育,洗护用品,培训教育,98,eastmoney
2025-09-30,跨境电商,航空装备Ⅲ,航空装备Ⅱ,学历教育,人工景区,人力资源服务,98,eastmoney
2025-10-09,黄金,燃料电池,核力发电,视频媒体,旅游综合,旅游及景区,98,eastmoney
2025-10-10,地面兵装Ⅲ,地面兵装Ⅱ,其他纺织,燃料电池,视频媒体,黄金,98,eastmoney
2025-10-13,黄金,地面兵装Ⅲ,地面兵装Ⅱ,燃料电池,化妆品制造及其他,化妆品,98,eastmoney
2025-10-14,涂料,燃气Ⅲ,燃气Ⅱ,通信线缆及配套,视频媒体,消费电子零部件及组装,98,eastmoney
2025-10-15,工程机械器件,鞋帽及其他,输变电设备,涂料,地面兵装Ⅱ,地面兵装Ⅲ,98,eastmoney
2025-10-16,国有大型银行Ⅲ,涂料,培训教育,耐火材料,工程机械器件,燃料电池,98,eastmoney
2025-10-17,燃气Ⅲ,燃气Ⅱ,黄金,输变电设备,电网设备,配电设备,98,eastmoney
2025-10-20,个护小家电,燃气Ⅲ,燃气Ⅱ,黄金,厨房电器,厨卫电器,98,eastmoney
2025-10-21,工程机械器件,其他橡胶制品,能源及重型设备,个护小家电,电信运营商,洗护用品,98,eastmoney
2025-10-22,学历教育,耐火材料,印刷包装机械,视频媒体,黄金,宠物食品,98,eastmoney
2025-10-23,燃料电池,人工景区,其他专业服务,宠物食品,工程机械器件,玻纤制造,98,eastmoney
2025-10-24,航天装备Ⅱ,航天装备Ⅲ,涂料,燃气Ⅱ,燃气Ⅲ,视频媒体,98,eastmoney
2025-10-27,涂料,核力发电,化妆品制造及其他,耐火材料,教育运营及其他,医美耗材,98,eastmoney
2025-10-28,地面兵装Ⅲ,地面兵装Ⅱ,航海装备Ⅲ,黄金,品牌化妆品,医美耗材,98,eastmoney
2025-10-29,涂料,燃料电池,其他橡胶制品,洗护用品,国有大型银行Ⅲ,管材,98,eastmoney
2025-10-30,涂料,燃料电池,鞋帽及其他,玻纤制造,跨境电商,医美耗材,98,eastmoney
2025-10-31,视频媒体,跨境电商,其他纺织,涂料,核力发电,燃料电池,98,eastmoney
2025-11-03,火电设备,航海装备Ⅲ,航海装备Ⅱ,涂料,玻纤制造,大气治理,98,eastmoney
2025-11-04,燃料电池,人工景区,输变电设备,黄金,医美耗材,宠物食品,98,eastmoney
2025-11-05,输变电设备,配电设备,电网设备,视频媒体,医美耗材,人工景区,98,eastmoney
2025-11-06,火电设备,燃料电池,航空装备Ⅲ,视频媒体,旅游综合,人工景区,98,eastmoney
2025-11-07,有机硅,火电设备,航天装备Ⅱ,涂料,燃料电池,印刷包装机械,98,eastmoney
2025-11-10,宠物食品,美容护理,医美耗材,航海装备Ⅱ,航海装备Ⅲ,燃料电池,98,eastmoney
2025-11-11,燃料电池,宠物食品,塑料包装,航天装备Ⅲ,航天装备Ⅱ,输变电设备,98,eastmoney
2025-11-12,辅料,个护小家电,鞋帽及其他,火电设备,燃料电池,学历教育,98,eastmoney
2025-11-13,有机硅,玻纤制造,其他化学纤维,燃料电池,宠物食品,核力发电,98,eastmoney
2025-11-14,燃料电池,燃气Ⅲ,燃气Ⅱ,玻纤制造,有机硅,输变电设备,98,eastmoney
2025-11-17,燃料电池,地面兵装Ⅲ,地面兵装Ⅱ,玻纤制造,个护小家电,塑料包装,98,eastmoney
2025-11-18,品牌化妆品,化妆品,跨境电商,燃料电池,火电设备,地面兵装Ⅱ,98,eastmoney
2025-11-19,航海装备Ⅲ,航海装备Ⅱ,黄金,视频媒体,个护小家电,厨卫电器,98,eastmoney
2025-11-20,炭黑,国有大型银行Ⅲ,玻纤制造,品牌化妆品,化妆品,人工景区,98,eastmoney
2025-11-21,航海装备Ⅲ,航海装备Ⅱ,视频媒体,有机硅,学历教育,输变电设备,98,eastmoney
2025-11-24,航海装备Ⅲ,航海装备Ⅱ,航天装备Ⅱ,燃气Ⅱ,燃气Ⅲ,洗护用品,98,eastmoney
2025-11-25,燃料电池,学历教育,玻纤制造,航海装备Ⅱ,航海装备Ⅲ,地面兵装Ⅱ,98,eastmoney
2025-11-26,通信线缆及配套,冰洗,白色家电,航海装备Ⅱ,航海装备Ⅲ,地面兵装Ⅱ,98,eastmoney
2025-11-27,炭黑,有机硅,印刷包装机械,燃料电池,教育运营及其他,玻纤制造,98,eastmoney
2025-11-28,航天装备Ⅱ,航天装备Ⅲ,燃料电池,国有大型银行Ⅲ,冰洗,制冷空调设备,98,eastmoney
2025-12-01,消费电子零部件及组装,消费电子,涂料,跨境电商,视频媒体,厨房电器,98,eastmoney
2025-12-02,涂料,塑料包装,航海装备Ⅲ,视频媒体,燃料电池,其他专业服务,98,eastmoney
2025-12-03,水力发电,油品石化贸易,核力发电,燃料电池,其他专业服务,大气治理,98,eastmoney
2025-12-04,航天装备Ⅱ,航天装备Ⅲ,金属制品,航海装备Ⅱ,航海装备Ⅲ,学历教育,98,eastmoney
2025-12-05,学历教育,玻纤制造,通信线缆及配套,热力服务,国有大型银行Ⅲ,电信运营商,98,eastmoney
2025-12-08,玻纤制造,通信线缆及配套,玻璃玻纤,燃料电池,水力发电,核力发电,98,eastmoney
2025-12-09,印刷,其他专业服务,制冷空调设备,燃料电池,黄金,农业综合Ⅱ,98,eastmoney
2025-12-10,黄金,通信线缆及配套,培训教育,燃料电池,有机硅,国有大型银行Ⅲ,98,eastmoney
2025-12-11,耐火材料,其他金属新材料,线缆部件及其他,学历教育,辅料,鞋帽及其他,98,eastmoney
2025-12-12,其他金属新材料,输变电设备,线缆部件及其他,玻纤制造,个护小家电,其他纺织,98,eastmoney
2025-12-15,燃料电池,其他橡胶制品,辅料,医美耗材,视频媒体,航海装备Ⅱ,98,eastmoney
2025-12-16,培训教育,教育,视频媒体,燃料电池,黄金,火电设备,98,eastmoney
2025-12-17,通信线缆及配套,人工景区,玻纤制造,航天装备Ⅲ,航天装备Ⅱ,线缆部件及其他,98,eastmoney
2025-12-18,航天装备Ⅱ,航天装备Ⅲ,其他化学纤维,玻纤制造,火电设备,燃料电池,98,eastmoney
2025-12-19,火电设备,塑料包装,包装印刷,黄金,国有大型银行Ⅲ,玻纤制造,98,eastmoney
2025-12-22,通信线缆及配套,黄金,玻纤制造,培训教育,教育,化妆品制造及其他,98,eastmoney
2025-12-23,玻纤制造,有机硅,玻璃玻纤,航天装备Ⅲ,航天装备Ⅱ,人工景区,98,eastmoney
2025-12-24,航天装备Ⅱ,航天装备Ⅲ,玻纤制造,黄金,宠物食品,国有大型银行Ⅲ,98,eastmoney
2025-12-25,航天装备Ⅱ,航天装备Ⅲ,航空装备Ⅲ,黄金,旅游综合,教育运营及其他,98,eastmoney
2025-12-26,航天装备Ⅱ,航天装备Ⅲ,黄金,个护小家电,印刷,燃料电池,98,eastmoney
2025-12-29,其他化学纤维,航天装备Ⅱ,航天装备Ⅲ,塑料包装,火电设备,玻纤制造,98,eastmoney
2025-12-30,车身附件及饰件,涂料,金属制品,个护小家电,其他化学纤维,医美耗材,98,eastmoney
2025-12-31,航天装备Ⅱ,航天装备Ⅲ,学历教育,燃料电池,其他化学纤维,有机硅,98,eastmoney
2026-01-05,个护小家电,航海装备Ⅲ,航海装备Ⅱ,印刷,旅游综合,其他纺织,98,eastmoney
2026-01-06,航天装备Ⅱ,航天装备Ⅲ,个护小家电,化妆品制造及其他,管材,国有大型银行Ⅲ,98,eastmoney
2026-01-07,输变电设备,膜材料,工程机械器件,个护小家电,学历教育,视频媒体,98,eastmoney
2026-01-08,航海装备Ⅲ,航海装备Ⅱ,地面兵装Ⅲ,旅游综合,人工景区,黄金,98,eastmoney
2026-01-09,教育运营及其他,航天装备Ⅱ,航天装备Ⅲ,个护小家电,厨房电器,涂料,98,eastmoney
2026-01-12,视频媒体,航天装备Ⅱ,航天装备Ⅲ,涂料,医美耗材,油品石化贸易,98,eastmoney
2026-01-13,输变电设备,黄金,人力资源服务,航天装备Ⅲ,航天装备Ⅱ,航空装备Ⅱ,98,eastmoney
2026-01-14,燃料电池,人力资源服务,跨境电商,航天装备Ⅲ,航天装备Ⅱ,个护小家电,98,eastmoney
2026-01-15,燃料电池,玻纤制造,旅游综合,航天装备Ⅲ,航天装备Ⅱ,学历教育,98,eastmoney
2026-01-16,鞋帽及其他,炭黑,工程机械器件,人力资源服务,视频媒体,教育运营及其他,98,eastmoney
2026-01-19,输变电设备,黄金,电网设备,人力资源服务,教育运营及其他,安防设备,98,eastmoney
2026-01-20,涂料,黄金,洗护用品,航天装备Ⅲ,航天装备Ⅱ,燃料电池,98,eastmoney
2026-01-21,黄金,玻纤制造,涂料,输变电设备,国有大型银行Ⅲ,电信运营商,98,eastmoney
2026-01-22,玻纤制造,航空装备Ⅲ,航空装备Ⅱ,黄金,宠物食品,医美耗材,98,eastmoney
2026-01-23,航天装备Ⅱ,航天装备Ⅲ,燃料电池,玻纤制造,国有大型银行Ⅲ,航海装备Ⅱ,98,eastmoney
2026-01-26,黄金,炭黑,通信线缆及配套,航天装备Ⅲ,航天装备Ⅱ,军工电子Ⅲ,98,eastmoney
2026-01-27,黄金,航空装备Ⅲ,航空装备Ⅱ,燃料电池,火电设备,宠物食品,98,eastmoney
2026-01-28,黄金,玻纤制造,玻璃玻纤,航天装备Ⅲ,航天装备Ⅱ,人力资源服务,98,eastmoney
2026-01-29,黄金,油品石化贸易,涂料,燃料电池,线缆部件及其他,输变电设备,98,eastmoney
2026-01-30,通信线缆及配套,燃料电池,洗护用品,黄金,医美耗材,耐火材料,98,eastmoney
2026-02-02,输变电设备,电网设备,配电设备,黄金,燃料电池,涂料,98,eastmoney
2026-02-03,航海装备Ⅲ,航海装备Ⅱ,视频媒体,冰洗,国有大型银行Ⅲ,白色家电,98,eastmoney
2026-02-04,燃料电池,涂料,玻璃玻纤,黄金,跨境电商,视频媒体,98,eastmoney
2026-02-05,品牌化妆品,医美耗材,洗护用品,黄金,输变电设备,燃料电池,98,eastmoney
2026-02-06,通信线缆及配套,其他化学纤维,塑料包装,燃料电池,人工景区,视频媒体,98,eastmoney
2026-02-09,通信线缆及配套,火电设备,视频媒体,宠物食品,电信运营商,管材,98,eastmoney
2026-02-10,视频媒体,教育运营及其他,通信线缆及配套,医美耗材,黄金,油品石化贸易,98,eastmoney
2026-02-11,玻纤制造,玻璃玻纤,塑料包装,视频媒体,燃料电池,教育运营及其他,98,eastmoney
2026-02-12,玻纤制造,燃料电池,输变电设备,人工景区,品牌化妆品,其他纺织,98,eastmoney
2026-02-13,航海装备Ⅲ,航海装备Ⅱ,航空装备Ⅲ,通信线缆及配套,玻纤制造,玻璃玻纤,98,eastmoney
2026-02-24,玻纤制造,黄金,玻璃玻纤,视频媒体,旅游综合,旅游及景区,98,eastmoney
2026-02-25,有机硅,航天装备Ⅱ,航天装备Ⅲ,通信线缆及配套,洗护用品,学历教育,98,eastmoney
2026-02-26,通信线缆及配套,火电设备,制冷空调设备,涂料,视频媒体,旅游综合,98,eastmoney
2026-02-27,燃料电池,水力发电,黄金,玻纤制造,玻璃玻纤,洗护用品,98,eastmoney
2026-03-02,黄金,油品石化贸易,航天装备Ⅱ,医美耗材,教育运营及其他,学历教育,98,eastmoney
2026-03-03,燃气Ⅲ,燃气Ⅱ,油品石化贸易,航天装备Ⅲ,航天装备Ⅱ,航空装备Ⅱ,98,eastmoney
2026-03-04,燃料电池,输变电设备,电网设备,燃气Ⅱ,燃气Ⅲ,黄金,98,eastmoney
2026-03-05,输变电设备,燃料电池,照明设备Ⅲ,油品石化贸易,黄金,燃气Ⅱ,98,eastmoney
2026-03-06,个护小家电,其他专业服务,房屋建设Ⅱ,燃料电池,通信线缆及配套,玻纤制造,98,eastmoney
2026-03-09,输变电设备,电网设备,黄金,通信线缆及配套,涂料,宠物食品,98,eastmoney
2026-03-10,通信线缆及配套,玻纤制造,燃料电池,油品石化贸易,燃气Ⅱ,燃气Ⅲ,98,eastmoney
2026-03-11,其他化学纤维,炭黑,房屋建设Ⅱ,航天装备Ⅲ,航天装备Ⅱ,大气治理,98,eastmoney
2026-03-12,其他化学纤维,水力发电,燃气Ⅲ,航天装备Ⅲ,航天装备Ⅱ,其他专业服务,98,eastmoney
2026-03-13,厨卫电器,大气治理,电信运营商,输变电设备,水力发电,配电设备,98,eastmoney
2026-03-16,洗护用品,其他塑料制品,航海装备Ⅲ,黄金,大气治理,火电设备,98,eastmoney
2026-03-17,其他化学纤维,国有大型银行Ⅲ,黄金,燃料电池,通信线缆及配套,玻纤制造,98,eastmoney
2026-03-18,航天装备Ⅱ,航天装备Ⅲ,配电设备,燃料电池,旅游综合,油品石化贸易,98,eastmoney
2026-03-19,燃气Ⅲ,燃气Ⅱ,国有大型银行Ⅲ,黄金,玻纤制造,膜材料,98,eastmoney
2026-03-20,水力发电,个护小家电,自然景区,炭黑,厨房电器,其他化学纤维,98,eastmoney
2026-03-23,核力发电,燃气Ⅲ,燃气Ⅱ,黄金,化妆品制造及其他,自然景区,98,eastmoney
2026-03-24,地面兵装Ⅲ,地面兵装Ⅱ,热力服务,油品石化贸易,电信运营商,燃气Ⅱ,98,eastmoney
2026-03-25,通信线缆及配套,水力发电,地面兵装Ⅲ,燃料电池,视频媒体,燃气Ⅱ,98,eastmoney
2026-03-26,塑料包装,燃气Ⅲ,燃气Ⅱ,地面兵装Ⅱ,地面兵装Ⅲ,输变电设备,98,eastmoney
2026-03-27,洗护用品,炭黑,黄金,水力发电,航天装备Ⅲ,航天装备Ⅱ,98,eastmoney
2026-03-30,通信线缆及配套,黄金,涂料,水力发电,热力服务,洗护用品,98,eastmoney
2026-03-31,工程机械器件,国有大型银行Ⅲ,航天装备Ⅱ,炭黑,其他化学纤维,燃气Ⅱ,98,eastmoney
2026-04-01,洗护用品,医美耗材,玻纤制造,水力发电,核力发电,国有大型银行Ⅲ,98,eastmoney
2026-04-02,通信线缆及配套,油品石化贸易,国有大型银行Ⅲ,燃料电池,黄金,玻纤制造,98,eastmoney
2026-04-03,通信线缆及配套,电信运营商,黄金,燃料电池,热力服务,大气治理,98,eastmoney
2026-04-07,有机硅,油品石化贸易,炭黑,国有大型银行Ⅲ,冰洗,白色家电,98,eastmoney
2026-04-08,黄金,其他金属新材料,消费电子零部件及组装,国有大型银行Ⅲ,油品石化贸易,燃气Ⅱ,98,eastmoney
2026-04-09,通信线缆及配套,消费电子零部件及组装,消费电子,燃料电池,旅游综合,厨房电器,98,eastmoney
2026-04-10,玻纤制造,玻璃玻纤,其他纺织,通信线缆及配套,黄金,油品石化贸易,98,eastmoney
2026-04-13,玻纤制造,玻璃玻纤,燃料电池,教育运营及其他,厨房电器,厨卫电器,98,eastmoney
2026-04-14,航天装备Ⅱ,航天装备Ⅲ,军工电子Ⅱ,油品石化贸易,大气治理,教育运营及其他,98,eastmoney
2026-04-15,宠物食品,输变电设备,自然景区,玻纤制造,玻璃玻纤,通信线缆及配套,98,eastmoney
2026-04-16,厨房电器,通信线缆及配套,其他化学纤维,教育运营及其他,医美耗材,核力发电,98,eastmoney
2026-04-17,其他化学纤维,膜材料,大气治理,厨房电器,旅游综合,厨卫电器,98,eastmoney
2026-04-20,航天装备Ⅱ,航天装备Ⅲ,航海装备Ⅲ,房屋建设Ⅲ,房屋建设Ⅱ,培训教育,98,eastmoney
2026-04-21,玻纤制造,电信运营商,塑料包装,跨境电商,有机硅,火电设备,98,eastmoney
2026-04-22,通信线缆及配套,玻纤制造,塑料包装,教育运营及其他,航天装备Ⅲ,航天装备Ⅱ,98,eastmoney
2026-04-23,医美耗材,航海装备Ⅲ,航海装备Ⅱ,黄金,涂料,膜材料,98,eastmoney
2026-04-24,农业综合Ⅲ,农业综合Ⅱ,品牌化妆品,航天装备Ⅲ,航天装备Ⅱ,宠物食品,98,eastmoney
2026-04-27,品牌化妆品,化妆品,其他化学纤维,教育运营及其他,航海装备Ⅱ,航海装备Ⅲ,98,eastmoney
2026-04-28,房屋建设Ⅱ,房屋建设Ⅲ,厨房电器,教育运营及其他,视频媒体,燃料电池,98,eastmoney
2026-04-29,玻纤制造,黄金,玻璃玻纤,涂料,学历教育,核力发电,98,eastmoney
2026-04-30,燃料电池,个护小家电,其他金属新材料,玻纤制造,通信线缆及配套,玻璃玻纤,98,eastmoney
2026-05-06,玻纤制造,黄金,通信线缆及配套,教育运营及其他,自然景区,旅游及景区,98,eastmoney
2026-05-07,通信线缆及配套,玻纤制造,其他专业服务,教育运营及其他,涂料,燃气Ⅱ,98,eastmoney
2026-05-08,航天装备Ⅱ,航天装备Ⅲ,车身附件及饰件,涂料,有机硅,输变电设备,98,eastmoney
2026-05-11,跨境电商,个护小家电,其他化学纤维,黄金,洗护用品,宠物食品,98,eastmoney
2026-05-12,线缆部件及其他,涂料,水力发电,洗护用品,航天装备Ⅲ,航天装备Ⅱ,98,eastmoney
2026-05-13,燃料电池,输变电设备,热力服务,其他建材Ⅲ,化妆品制造及其他,黄金,98,eastmoney
2026-05-14,耐火材料,有机硅,涂料,航天装备Ⅲ,航天装备Ⅱ,教育运营及其他,98,eastmoney
2026-05-15,金属制品,车身附件及饰件,改性塑料,黄金,玻纤制造,玻璃玻纤,98,eastmoney
2026-05-18,电信运营商,通信线缆及配套,其他金属新材料,医美耗材,大气治理,人力资源服务,98,eastmoney
2026-05-19,教育运营及其他,热力服务,火电设备,航天装备Ⅲ,航天装备Ⅱ,燃料电池,98,eastmoney
2026-05-20,油品石化贸易,有机硅,膜材料,水力发电,学历教育,电信运营商,98,eastmoney
2026-05-21,国有大型银行Ⅲ,其他专业服务,玻璃玻纤,通信线缆及配套,燃料电池,耐火材料,98,eastmoney
2026-05-22,玻纤制造,膜材料,玻璃玻纤,电信运营商,视频媒体,医美耗材,98,eastmoney
2026-05-25,玻纤制造,玻璃玻纤,其他金属新材料,燃料电池,化妆品制造及其他,个护小家电,98,eastmoney
2026-05-26,黄金,玻纤制造,改性塑料,通信线缆及配套,个护小家电,燃料电池,98,eastmoney
2026-05-27,水力发电,火电设备,输变电设备,个护小家电,黄金,油品石化贸易,98,eastmoney
2026-05-28,玻纤制造,玻璃玻纤,通信线缆及配套,黄金,炭黑,医美耗材,98,eastmoney
2026-05-29,医美耗材,水力发电,管材,其他金属新材料,燃料电池,航天装备Ⅲ,98,eastmoney
2026-06-01,教育运营及其他,涂料,个护小家电,玻纤制造,通信线缆及配套,塑料包装,98,eastmoney
2026-06-02,通信线缆及配套,玻纤制造,黄金,教育运营及其他,品牌化妆品,洗护用品,98,eastmoney
2026-06-03,通信线缆及配套,航天装备Ⅱ,航天装备Ⅲ,教育运营及其他,大气治理,教育,98,eastmoney
2026-06-04,膜材料,通信线缆及配套,其他金属新材料,宠物食品,教育运营及其他,化妆品制造及其他,98,eastmoney
2026-06-05,航天装备Ⅱ,航天装备Ⅲ,其他化学纤维,水力发电,热力服务,核力发电,98,eastmoney
2026-06-08,工程机械器件,辅料,火电设备,黄金,消费电子零部件及组装,热力服务,98,eastmoney
2026-06-09,玻纤制造,膜材料,有机硅,教育运营及其他,涂料,化妆品制造及其他,98,eastmoney
2026-06-10,人工景区,自然景区,旅游及景区,通信线缆及配套,教育运营及其他,燃料电池,98,eastmoney
2026-06-11,玻纤制造,厨房电器,其他金属新材料,涂料,印刷,其他橡胶制品,98,eastmoney
2026-06-12,航空装备Ⅲ,航空装备Ⅱ,黄金,通信线缆及配套,有机硅,玻璃玻纤,98,eastmoney
2026-06-15,玻纤制造,玻璃玻纤,膜材料,国有大型银行Ⅲ,医美耗材,厨房电器,98,eastmoney
2026-06-16,通信线缆及配套,玻纤制造,玻璃玻纤,核力发电,辅料,自然景区,98,eastmoney
2026-06-17,玻纤制造,玻璃玻纤,其他专业服务,涂料,旅游综合,洗护用品,98,eastmoney
2026-06-18,炭黑,大气治理,制冷空调设备,玻璃玻纤,水力发电,玻纤制造,98,eastmoney
2026-06-22,玻纤制造,通信线缆及配套,个护小家电,管材,教育运营及其他,洗护用品,98,eastmoney
2026-06-23,辅料,炭黑,国有大型银行Ⅲ,黄金,玻纤制造,航天装备Ⅲ,98,eastmoney
2026-06-24,玻纤制造,其他化学纤维,有机硅,旅游综合,人工景区,教育运营及其他,98,eastmoney
2026-06-25,玻纤制造,涂料,火电设备,教育运营及其他,大气治理,耐火材料,98,eastmoney
2026-06-26,有机硅,航天装备Ⅱ,航天装备Ⅲ,通信线缆及配套,个护小家电,厨房电器,98,eastmoney
2026-06-29,宠物食品,医美耗材,视频媒体,玻纤制造,通信线缆及配套,玻璃玻纤,98,eastmoney
2026-06-30,军工电子Ⅱ,军工电子Ⅲ,航天装备Ⅱ,辅料,培训教育,医美耗材,98,eastmoney
2026-07-01,大气治理,燃料电池,培训教育,通信线缆及配套,玻纤制造,玻璃玻纤,98,eastmoney
2026-07-02,黄金,辅料,品牌化妆品,通信线缆及配套,玻纤制造,玻璃玻纤,98,eastmoney
2026-07-03,黄金,航天装备Ⅱ,航天装备Ⅲ,有机硅,膜材料,其他专业服务,98,eastmoney
2026-07-06,燃料电池,农业综合Ⅲ,农业综合Ⅱ,玻纤制造,玻璃玻纤,其他化学纤维,98,eastmoney
2026-07-07,辅料,农业综合Ⅲ,农业综合Ⅱ,黄金,教育运营及其他,医美耗材,98,eastmoney
2026-07-08,辅料,人工景区,旅游综合,燃料电池,火电设备,膜材料,98,eastmoney
2026-07-09,航天装备Ⅱ,航天装备Ⅲ,玻纤制造,农业综合Ⅱ,农业综合Ⅲ,自然景区,98,eastmoney
2026-07-10,航天装备Ⅱ,航天装备Ⅲ,航海装备Ⅲ,有机硅,玻纤制造,辅料,98,eastmoney
2026-07-13,国有大型银行Ⅲ,电信运营商,燃气Ⅲ,有机硅,通信线缆及配套,燃料电池,98,eastmoney
2026-07-14,玻纤制造,玻璃玻纤,化妆品制造及其他,航天装备Ⅲ,航天装备Ⅱ,航海装备Ⅱ,98,eastmoney
2026-07-15,医美耗材,宠物食品,视频媒体,玻纤制造,航天装备Ⅲ,航天装备Ⅱ,98,eastmoney
2026-07-16,医美耗材,视频媒体,个护小家电,玻纤制造,通信线缆及配套,有机硅,98,eastmoney
2026-07-17,水力发电,国有大型银行Ⅲ,核力发电,通信线缆及配套,消费电子零部件及组装,消费电子,98,eastmoney
2026-07-20,水力发电,电信运营商,核力发电,玻纤制造,膜材料,有机硅,98,eastmoney
2026-07-21,玻纤制造,黄金,燃料电池,涂料,厨房电器,国有大型银行Ⅲ,98,eastmoney
2026-07-22,黄金,医美耗材,培训教育,通信线缆及配套,鞋帽及其他,玻纤制造,98,eastmoney
2026-07-23,输变电设备,线缆部件及其他,地面兵装Ⅲ,医美耗材,宠物食品,视频媒体,98,eastmoney
2026-07-24,地面兵装Ⅲ,地面兵装Ⅱ,电信运营商,医美耗材,黄金,教育运营及其他,98,eastmoney
2026-07-27,个护小家电,玻纤制造,品牌化妆品,电信运营商,国有大型银行Ⅲ,核力发电,98,eastmoney
2026-07-28,宠物食品,涂料,洗护用品,通信线缆及配套,玻纤制造,化妆品制造及其他,98,eastmoney
2026-07-29,教育运营及其他,培训教育,教育,化妆品制造及其他,个护小家电,通信线缆及配套,98,eastmoney
2026-07-30,厨房电器,厨卫电器,宠物食品,跨境电商,航天装备Ⅲ,航天装备Ⅱ,98,eastmoney
2026-07-31,学历教育,安防设备,黄金,国有大型银行Ⅲ,电信运营商,涂料,98,eastmoney
2026-08-03,管材,线缆部件及其他,输变电设备,玻纤制造,医美耗材,宠物食品,98,eastmoney
2026-08-04,其他专业服务,玻纤制造,通信线缆及配套,国有大型银行Ⅲ,电信运营商,人力资源服务,98,eastmoney
2026-08-05,黄金,玻纤制造,通信线缆及配套,国有大型银行Ⅲ,核力发电,视频媒体,98,eastmoney
2026-08-06,玻纤制造,黄金,通信线缆及配套,学历教育,教育运营及其他,教育,98,eastmoney
2026-08-07,玻纤制造,黄金,医美耗材,教育运营及其他,大气治理,人力资源服务,98,eastmoney
2026-08-10,地面兵装Ⅲ,地面兵装Ⅱ,黄金,通信线缆及配套,玻纤制造,化妆品制造及其他,98,eastmoney
2026-08-11,火电设备,膜材料,个护小家电,黄金,航天装备Ⅲ,航天装备Ⅱ,98,eastmoney
2026-08-12,通信线缆及配套,涂料,个护小家电,核力发电,医美耗材,水力发电,98,eastmoney
2026-08-13,房屋建设Ⅱ,房屋建设Ⅲ,国有大型银行Ⅲ,黄金,培训教育,玻纤制造,98,eastmoney
2026-08-14,通信线缆及配套,玻纤制造,大气治理,宠物食品,水力发电,医美耗材,98,eastmoney
2026-08-17,航天装备Ⅱ,航天装备Ⅲ,炭黑,大气治理,医美耗材,视频媒体,98,eastmoney
2026-08-18,农业综合Ⅲ,农业综合Ⅱ,宠物食品,燃料电池,视频媒体,玻纤制造,98,eastmoney
2026-08-19,厨卫电器,厨房电器,涂料,通信线缆及配套,玻纤制造,航天装备Ⅲ,98,eastmoney
2026-08-20,黄金,通信线缆及配套,旅游综合,航天装备Ⅲ,航天装备Ⅱ,厨房电器,98,eastmoney
2026-08-21,黄金,涂料,改性塑料,医美耗材,农业综合Ⅱ,农业综合Ⅲ,98,eastmoney
2026-08-24,黄金,冰洗,白色家电,视频媒体,玻纤制造,航天装备Ⅲ,98,eastmoney
2026-08-25,教育运营及其他,涂料,化妆品制造及其他,黄金,国有大型银行Ⅲ,有机硅,98,eastmoney
2026-08-26,教育运营及其他,核力发电,管材,黄金,地面兵装Ⅱ,地面兵装Ⅲ,98,eastmoney
2026-08-27,教育运营及其他,通信线缆及配套,农业综合Ⅲ,洗护用品,国有大型银行Ⅲ,房屋建设Ⅲ,98,eastmoney
2026-08-28,旅游综合,宠物食品,改性塑料,通信线缆及配套,化妆品制造及其他,航天装备Ⅲ,98,eastmoney
2026-08-31,视频媒体,教育运营及其他,安防设备,黄金,农业综合Ⅱ,农业综合Ⅲ,98,eastmoney
2026-09-01,视频媒体,农业综合Ⅲ,农业综合Ⅱ,涂料,玻纤制造,其他金属新材料,98,eastmoney
2026-09-02,地面兵装Ⅲ,地面兵装Ⅱ,化妆品制造及其他,装修建材,其他建材Ⅲ,燃料电池,98,eastmoney
